{
  "experiment_1": [
    {
      "label": "MAX_DECOYS=0",
      "mean_reward": -2036.3333333333333,
      "std_reward": 790.505042502717,
      "ci95": 400.0507476549185,
      "min_reward": -4655.0,
      "max_reward": -1385.0,
      "median_reward": -1775.0,
      "mean_length": 499.0,
      "n_episodes": 15,
      "steps_per_sec": 55.91663933963719,
      "elapsed_sec": 133.8599759999197,
      "seed": 123,
      "episode_rewards": [
        -2320.0,
        -2290.0,
        -1470.0,
        -1760.0,
        -2075.0,
        -1385.0,
        -4655.0,
        -1540.0,
        -1775.0,
        -1510.0,
        -1505.0,
        -1510.0,
        -2665.0,
        -2010.0,
        -2075.0
      ]
    },
    {
      "label": "MAX_DECOYS=1",
      "mean_reward": -796.0,
      "std_reward": 271.0362829339767,
      "ci95": 137.16328397611042,
      "min_reward": -1535.0,
      "max_reward": -485.0,
      "median_reward": -680.0,
      "mean_length": 499.0,
      "n_episodes": 15,
      "steps_per_sec": 52.69450871083937,
      "elapsed_sec": 142.0451615001075,
      "seed": 123,
      "episode_rewards": [
        -515.0,
        -1045.0,
        -485.0,
        -1535.0,
        -915.0,
        -680.0,
        -1155.0,
        -680.0,
        -580.0,
        -665.0,
        -900.0,
        -830.0,
        -585.0,
        -645.0,
        -725.0
      ]
    },
    {
      "label": "MAX_DECOYS=2",
      "mean_reward": -757.3333333333334,
      "std_reward": 160.1651925010203,
      "ci95": 81.0547707646114,
      "min_reward": -1210.0,
      "max_reward": -475.0,
      "median_reward": -745.0,
      "mean_length": 499.0,
      "n_episodes": 15,
      "steps_per_sec": 52.32966999685231,
      "elapsed_sec": 143.03549019992352,
      "seed": 123,
      "episode_rewards": [
        -570.0,
        -705.0,
        -475.0,
        -895.0,
        -1210.0,
        -760.0,
        -730.0,
        -820.0,
        -655.0,
        -660.0,
        -720.0,
        -885.0,
        -745.0,
        -745.0,
        -785.0
      ]
    },
    {
      "label": "MAX_DECOYS=3 (baseline)",
      "mean_reward": -756.3333333333334,
      "std_reward": 127.50773397022716,
      "ci95": 64.5278164767665,
      "min_reward": -1025.0,
      "max_reward": -490.0,
      "median_reward": -755.0,
      "mean_length": 499.0,
      "n_episodes": 15,
      "steps_per_sec": 45.680854795155824,
      "elapsed_sec": 163.85420179995708,
      "seed": 123,
      "episode_rewards": [
        -755.0,
        -685.0,
        -820.0,
        -905.0,
        -815.0,
        -845.0,
        -720.0,
        -1025.0,
        -490.0,
        -595.0,
        -630.0,
        -815.0,
        -825.0,
        -675.0,
        -745.0
      ]
    }
  ]
}