{
  "v10b_baseline": {
    "mean": -771.8333333333334,
    "std": 216.17156075247482,
    "se": 39.4673467050763,
    "ci95_lo": -849.189332875283,
    "ci95_hi": -694.4773337913838,
    "min": -1300.0,
    "max": -465.0,
    "median": -692.5,
    "n_episodes": 30,
    "elapsed_sec": 328.4583462999435,
    "rewards": [
      -690.0,
      -690.0,
      -590.0,
      -720.0,
      -825.0,
      -1090.0,
      -595.0,
      -565.0,
      -495.0,
      -1300.0,
      -1230.0,
      -1050.0,
      -685.0,
      -910.0,
      -685.0,
      -750.0,
      -640.0,
      -1090.0,
      -955.0,
      -910.0,
      -640.0,
      -695.0,
      -810.0,
      -680.0,
      -465.0,
      -560.0,
      -940.0,
      -685.0,
      -515.0,
      -700.0
    ]
  },
  "1_threshold_t0": {
    "mean": -1127.1666666666667,
    "std": 221.43997136817967,
    "se": 40.42922248388337,
    "ci95_lo": -1206.4079427350782,
    "ci95_hi": -1047.9253905982553,
    "min": -1670.0,
    "max": -800.0,
    "median": -1137.5,
    "n_episodes": 30,
    "elapsed_sec": 309.23448300000746,
    "rewards": [
      -955.0,
      -905.0,
      -800.0,
      -1300.0,
      -955.0,
      -1035.0,
      -1190.0,
      -1280.0,
      -1360.0,
      -1160.0,
      -885.0,
      -1235.0,
      -1150.0,
      -900.0,
      -870.0,
      -865.0,
      -970.0,
      -995.0,
      -1320.0,
      -1670.0,
      -1220.0,
      -1125.0,
      -1180.0,
      -1545.0,
      -1245.0,
      -1075.0,
      -845.0,
      -1345.0,
      -1450.0,
      -985.0
    ]
  },
  "1_threshold_default": {
    "mean": -771.8333333333334,
    "std": 216.17156075247482,
    "se": 39.4673467050763,
    "ci95_lo": -849.189332875283,
    "ci95_hi": -694.4773337913838,
    "min": -1300.0,
    "max": -465.0,
    "median": -692.5,
    "n_episodes": 30,
    "elapsed_sec": 339.9910771000432,
    "rewards": [
      -690.0,
      -690.0,
      -590.0,
      -720.0,
      -825.0,
      -1090.0,
      -595.0,
      -565.0,
      -495.0,
      -1300.0,
      -1230.0,
      -1050.0,
      -685.0,
      -910.0,
      -685.0,
      -750.0,
      -640.0,
      -1090.0,
      -955.0,
      -910.0,
      -640.0,
      -695.0,
      -810.0,
      -680.0,
      -465.0,
      -560.0,
      -940.0,
      -685.0,
      -515.0,
      -700.0
    ]
  },
  "1_threshold_t2": {
    "mean": -813.0,
    "std": 184.04272367559398,
    "se": 33.601450433937636,
    "ci95_lo": -878.8588428505177,
    "ci95_hi": -747.1411571494823,
    "min": -1150.0,
    "max": -420.0,
    "median": -835.0,
    "n_episodes": 30,
    "elapsed_sec": 288.5109872999601,
    "rewards": [
      -725.0,
      -830.0,
      -930.0,
      -465.0,
      -750.0,
      -420.0,
      -840.0,
      -845.0,
      -950.0,
      -860.0,
      -795.0,
      -630.0,
      -625.0,
      -555.0,
      -615.0,
      -845.0,
      -815.0,
      -780.0,
      -820.0,
      -980.0,
      -1095.0,
      -925.0,
      -915.0,
      -535.0,
      -710.0,
      -1000.0,
      -1070.0,
      -1015.0,
      -900.0,
      -1150.0
    ]
  },
  "1_threshold_tiered": {
    "mean": -946.8333333333334,
    "std": 220.61623464402103,
    "se": 40.27882942212768,
    "ci95_lo": -1025.7798390007035,
    "ci95_hi": -867.8868276659631,
    "min": -1660.0,
    "max": -620.0,
    "median": -907.5,
    "n_episodes": 30,
    "elapsed_sec": 313.9739639000036,
    "rewards": [
      -850.0,
      -1295.0,
      -1660.0,
      -1265.0,
      -1060.0,
      -620.0,
      -665.0,
      -935.0,
      -770.0,
      -1145.0,
      -950.0,
      -915.0,
      -895.0,
      -1190.0,
      -850.0,
      -760.0,
      -910.0,
      -745.0,
      -910.0,
      -1075.0,
      -830.0,
      -895.0,
      -785.0,
      -905.0,
      -830.0,
      -1040.0,
      -1175.0,
      -675.0,
      -1040.0,
      -765.0
    ]
  },
  "2_p1b_default": {
    "mean": -771.8333333333334,
    "std": 216.17156075247482,
    "se": 39.4673467050763,
    "ci95_lo": -849.189332875283,
    "ci95_hi": -694.4773337913838,
    "min": -1300.0,
    "max": -465.0,
    "median": -692.5,
    "n_episodes": 30,
    "elapsed_sec": 302.3516340999631,
    "rewards": [
      -690.0,
      -690.0,
      -590.0,
      -720.0,
      -825.0,
      -1090.0,
      -595.0,
      -565.0,
      -495.0,
      -1300.0,
      -1230.0,
      -1050.0,
      -685.0,
      -910.0,
      -685.0,
      -750.0,
      -640.0,
      -1090.0,
      -955.0,
      -910.0,
      -640.0,
      -695.0,
      -810.0,
      -680.0,
      -465.0,
      -560.0,
      -940.0,
      -685.0,
      -515.0,
      -700.0
    ]
  },
  "2_p1b_after_p3": {
    "mean": -802.8333333333334,
    "std": 202.0911510515325,
    "se": 36.89662736770274,
    "ci95_lo": -875.1507229740307,
    "ci95_hi": -730.515943692636,
    "min": -1140.0,
    "max": -360.0,
    "median": -810.0,
    "n_episodes": 30,
    "elapsed_sec": 289.2574788000202,
    "rewards": [
      -755.0,
      -740.0,
      -850.0,
      -715.0,
      -575.0,
      -890.0,
      -360.0,
      -1035.0,
      -965.0,
      -540.0,
      -555.0,
      -715.0,
      -840.0,
      -575.0,
      -1050.0,
      -575.0,
      -835.0,
      -765.0,
      -1090.0,
      -605.0,
      -785.0,
      -740.0,
      -1015.0,
      -1045.0,
      -1060.0,
      -530.0,
      -875.0,
      -970.0,
      -1140.0,
      -895.0
    ]
  },
  "2_p1b_removed": {
    "mean": -805.0,
    "std": 242.2950609313449,
    "se": 44.236823481395426,
    "ci95_lo": -891.7041740235351,
    "ci95_hi": -718.2958259764649,
    "min": -1510.0,
    "max": -445.0,
    "median": -777.5,
    "n_episodes": 30,
    "elapsed_sec": 222.9343305999646,
    "rewards": [
      -920.0,
      -780.0,
      -965.0,
      -555.0,
      -1360.0,
      -710.0,
      -640.0,
      -725.0,
      -970.0,
      -910.0,
      -775.0,
      -1510.0,
      -445.0,
      -820.0,
      -1135.0,
      -610.0,
      -495.0,
      -1095.0,
      -765.0,
      -785.0,
      -855.0,
      -600.0,
      -805.0,
      -975.0,
      -720.0,
      -685.0,
      -530.0,
      -810.0,
      -600.0,
      -600.0
    ]
  },
  "3_block_default": {
    "mean": -771.8333333333334,
    "std": 216.17156075247482,
    "se": 39.4673467050763,
    "ci95_lo": -849.189332875283,
    "ci95_hi": -694.4773337913838,
    "min": -1300.0,
    "max": -465.0,
    "median": -692.5,
    "n_episodes": 30,
    "elapsed_sec": 256.0610110000707,
    "rewards": [
      -690.0,
      -690.0,
      -590.0,
      -720.0,
      -825.0,
      -1090.0,
      -595.0,
      -565.0,
      -495.0,
      -1300.0,
      -1230.0,
      -1050.0,
      -685.0,
      -910.0,
      -685.0,
      -750.0,
      -640.0,
      -1090.0,
      -955.0,
      -910.0,
      -640.0,
      -695.0,
      -810.0,
      -680.0,
      -465.0,
      -560.0,
      -940.0,
      -685.0,
      -515.0,
      -700.0
    ]
  },
  "3_block_first": {
    "mean": -771.8333333333334,
    "std": 216.17156075247482,
    "se": 39.4673467050763,
    "ci95_lo": -849.189332875283,
    "ci95_hi": -694.4773337913838,
    "min": -1300.0,
    "max": -465.0,
    "median": -692.5,
    "n_episodes": 30,
    "elapsed_sec": 238.233420799952,
    "rewards": [
      -690.0,
      -690.0,
      -590.0,
      -720.0,
      -825.0,
      -1090.0,
      -595.0,
      -565.0,
      -495.0,
      -1300.0,
      -1230.0,
      -1050.0,
      -685.0,
      -910.0,
      -685.0,
      -750.0,
      -640.0,
      -1090.0,
      -955.0,
      -910.0,
      -640.0,
      -695.0,
      -810.0,
      -680.0,
      -465.0,
      -560.0,
      -940.0,
      -685.0,
      -515.0,
      -700.0
    ]
  },
  "4_hostprio_default": {
    "mean": -771.8333333333334,
    "std": 216.17156075247482,
    "se": 39.4673467050763,
    "ci95_lo": -849.189332875283,
    "ci95_hi": -694.4773337913838,
    "min": -1300.0,
    "max": -465.0,
    "median": -692.5,
    "n_episodes": 30,
    "elapsed_sec": 236.27098729996942,