{
  "baseline": {
    "mean": -1039.3,
    "std": 550.6909387306096,
    "ci95": 107.93542399119947,
    "median": -932.5,
    "min": -4450.0,
    "max": -545.0,
    "q25": -1097.5,
    "q75": -772.5,
    "phase_means": {
      "0": -533.6,
      "1": -233.85,
      "2": -271.85
    },
    "phase_stds": {
      "0": 169.40495860511285,
      "1": 325.3573842715114,
      "2": 372.2194614740073
    }
  },
  "sleep_baseline": {
    "mean": -30578.9,
    "std": 6195.432292423186,
    "min": -49120.0,
    "max": -14605.0
  },
  "ablations": {
    "no_decoys": {
      "mean": -1883.3333333333333,
      "std": 479.69666341229527
    },
    "no_messaging": {
      "mean": -982.1666666666666,
      "std": 547.0979244055757
    },
    "no_blocking": {
      "mean": -1171.5,
      "std": 808.6822099358108
    },
    "no_malfile": {
      "mean": -12207.166666666666,
      "std": 3364.476106650517
    },
    "no_restore": {
      "mean": -22559.0,
      "std": 5807.818638123382
    },
    "no_remove": {
      "mean": -931.6666666666666,
      "std": 221.65413498411337
    }
  },
  "action_budget": {
    "total_actions": 74850,
    "counts": {
      "Block": 1100,
      "Sleep": 57682,
      "DeployDecoy": 11814,
      "Remove": 1474,
      "Restore": 2628,
      "Allow": 152
    },
    "percentages": {
      "Block": 1.5,
      "Sleep": 77.1,
      "DeployDecoy": 15.8,
      "Remove": 2.0,
      "Restore": 3.5,
      "Allow": 0.2
    }
  },
  "reward_curves": {
    "per_step_mean_by_phase": {
      "phase0": -3.102794411177645,
      "phase1": -1.7015968063872253,
      "phase2": -1.4146586345381524
    },
    "worst_10_steps": [
      [
        334,
        -16.833333333333332
      ],
      [
        335,
        -12.833333333333334
      ],
      [
        336,
        -11.666666666666666
      ],
      [
        152,
        -8.166666666666666
      ],
      [
        140,
        -6.833333333333333
      ],
      [
        154,
        -6.333333333333333
      ],
      [
        125,
        -6.166666666666667
      ],
      [
        162,
        -6.0
      ],
      [
        97,
        -5.833333333333333
      ],
      [
        337,
        -5.833333333333333
      ]
    ],
    "cumulative_at_phase_boundaries": {
      "step_167": -518.1666666666666,
      "step_334": -802.3333333333335,
      "step_500": -1037.1666666666665
    }
  },
  "seed_sensitivity": {
    "42": {
      "mean": -1037.1666666666667,
      "std": 610.3505595602871
    },
    "123": {
      "mean": -1058.5,
      "std": 392.39892541477053
    },
    "456": {
      "mean": -1095.0,
      "std": 721.608157751375
    },
    "789": {
      "mean": -952.0,
      "std": 270.2979837142704
    },
    "1337": {
      "mean": -1081.0,
      "std": 622.7069936976781
    }
  },
  "reward_distribution": {
    "histogram": {
      "(-200, 0]": 0,
      "(-400, -200]": 0,
      "(-600, -400]": 3,
      "(-800, -600]": 28,
      "(-1000, -800]": 29,
      "(-1200, -1000]": 23,
      "(-1400, -1200]": 9,
      "(-1600, -1400]": 1,
      "(-1800, -1600]": 2,
      "(-2000, -1800]": 1,
      "(<-2000, -2000]": 4
    },
    "skewness": -4.168459002910766,
    "pct_above_neg500": 0.0,
    "pct_above_neg1000": 60.0
  }
}